74,-7.82,8.79,-9.66,-8.16,-7.52,-8.5,-9.85,4.17,-8.98,-4.76,-8.5,-6.75,-7.18,8.45,-7.18,-7.52,-7.43,-9.81,-9.85,-9.85,-9.37,1.5,-4.37,-9.81,-8.5,1.12,7.82,2.86,9.13,-7.43,2.14,-4.08,-9.08,7.82,5.05,4.95,-9.17,-8.4,-8.4,-8.4,-8.11,-9.13,-9.03,-9.08,-7.14,-6.26,3.79,-0.1,3.93,4.13,-8.69,-7.14,3.2,8.3,-4.56,0.92,-9.13,-9.42,2.82,-8.64,8.59,3.59,-6.84,-9.03,2.82,-1.36,-9.08,8.3,5.68,-4.81,99,99,99,99,99,99,99,-9.42,99,99,99,-7.72,99,99,99,99,99,99,99,99,2.82,99,99,99,99,99,-5.63,99,99,99
100,4.08,-0.29,6.36,4.37,-2.38,-9.66,-0.73,-5.34,8.88,9.22,6.75,8.64,4.42,7.43,4.56,-0.97,4.66,-0.68,3.3,-1.21,0.87,8.64,8.35,9.17,0.05,7.57,4.71,0.87,-0.39,6.99,6.5,-0.92,7.14,9.03,-1.8,0.73,7.09,3.4,-0.87,7.91,7.82,-3.83,8.64,8.98,-4.32,-3.2,-4.9,-0.92,-1.46,3.64,3.16,9.03,0.97,-1.31,-6.5,-3.2,8.64,-2.14,0.1,9.03,-6.7,-3.35,-9.03,4.47,4.08,-3.83,8.74,1.12,0.78,7.52,-5,2.77,8.3,7.77,7.33,6.21,7.72,8.98,8.64,8.2,3.93,4.85,4.85,6.07,8.98,4.51,-0.05,3.69,4.56,0.58,2.82,-4.95,-0.29,7.86,-0.19,-2.14,3.06,0.34,-4.32,1.07
49,99,99,99,99,9.03,9.27,9.03,9.27,99,99,7.33,7.57,9.37,6.17,-6.36,-6.89,-7.86,9.03,9.03,9.03,7.28,99,8.25,99,99,7.48,7.28,7.28,8.93,99,6.17,7.28,99,99,8.98,7.33,99,6.17,9.08,7.33,7.52,9.27,9.27,99,9.27,99,6.17,7.33,9.08,7.28,99,99,7.28,7.33,99,7.23,99,99,99,9.27,6.46,7.28,99,99,7.04,7.28,99,7.28,8.25,99,99,99,99,99,99,8.93,99,99,99,9.08,99,99,99,99,99,99,99,99,99,9.03,99,99,99,9.08,99,99,99,99,99,99
48,99,8.35,99,99,1.8,8.16,-2.82,6.21,99,1.84,7.33,6.6,6.31,8.11,-7.23,-6.65,1.17,-6.6,-3.64,-2.09,5.34,99,99,99,99,2.91,3.93,6.75,6.6,99,6.65,-6.12,99,7.57,6.21,6.65,99,-8.3,7.18,2.82,99,1.55,99,99,99,6.84,6.84,-3.98,6.99,3.45,99,6.94,1.55,7.67,99,6.55,99,99,99,99,0,-3.69,99,99,7.82,0.24,99,7.28,-2.33,99,99,99,99,99,99,99,99,99,99,99,99,99,99,99,0.63,99,99,-2.33,99,99,99,99,99,0.53,99,99,99,99,99,99
91,8.5,4.61,-4.17,-5.39,1.36,1.6,7.04,4.61,-0.44,5.73,8.25,6.84,-3.93,7.23,-2.33,-9.66,2.72,-1.36,2.57,4.51,8.2,6.12,8.3,-1.26,7.77,1.89,-1.17,5.68,8.45,4.61,8.06,-9.47,7.28,5.68,2.48,3.2,-1.26,6.8,4.51,2.48,0.34,6.84,0.19,-8.74,5.24,6.31,8.06,1.26,4.51,-0.05,4.42,3.06,8.93,7.82,1.75,8.11,-8.06,-9.17,4.95,3.35,7.38,6.17,4.71,-2.28,7.38,4.56,7.14,4.22,3.01,3.83,99,99,99,99,99,99,4.13,99,99,99,5.24,5.92,0.87,7.28,3.93,-0.63,6.31,4.71,2.82,2.96,5.19,5.58,4.27,5.19,5.73,1.55,3.11,6.55,1.8,1.6
100,-6.17,-3.54,0.44,-8.5,-7.09,-4.32,-8.69,-0.87,-6.65,-1.8,-6.8,-5.73,-5,-8.59,0.49,-8.93,-3.69,-2.18,-2.28,-6.12,-3.01,-0.58,-2.38,-7.77,-2.23,-2.28,-5.24,-5.53,-0.68,-6.94,-3.93,-0.34,-6.6,-5.49,-1.55,-0.49,-6.21,-8.06,-5.39,-7.04,-8.83,-7.91,1.07,-1.89,-6.36,-4.22,-9.27,-9.81,-7.82,-0.63,-6.31,-7.48,-6.07,-3.45,-3.2,0.53,-9.27,-9.56,-5.49,-1.12,-6.65,-2.86,-4.61,-9.42,-7.91,-9.81,-9.42,-8.98,-1.94,-6.99,-9.66,-5.19,-5,-4.42,-7.28,-6.5,-4.32,-6.94,-9.85,0.73,-6.21,-2.86,-7.62,-6.12,-0.29,-1.41,-3.93,-1.94,-5.68,-4.71,-3.54,-6.89,-0.68,-2.96,-2.18,-3.35,0.05,-9.08,-5.05,-3.45
47,99,99,99,99,8.59,-9.85,7.72,8.79,99,99,4.27,7.62,-6.26,2.96,6.07,-3.5,-2.09,6.17,5.15,4.42,5.63,2.43,99,99,4.13,7.09,7.33,7.18,0.92,99,5.15,5.87,99,99,7.96,3.79,99,1.55,99,3.11,6.26,99,99,99,6.99,3.2,99,7.33,4.71,3.54,99,2.28,8.5,9.22,99,8.16,99,99,99,99,-1.5,5.78,99,99,8.93,8.5,99,2.43,7.48,99,99,5.97,6.36,99,99,99,99,99,99,99,99,99,3.83,99,99,99,99,99,99,99,99,99,99,99,99,2.33,99,99,99,99
100,6.84,3.16,9.17,-6.21,-8.16,-1.7,9.27,1.41,-5.19,-4.42,8.2,-7.86,-6.94,-7.96,0.29,-9.9,-7.09,-7.18,1.02,-0.29,-4.71,-7.43,1.12,-8.25,3.79,0.1,3.45,-3.45,7.57,-4.17,-0.44,9.27,5.83,-3.4,-5.44,1.6,-7.14,3.01,-6.07,5.68,-6.46,-4.42,-8.98,0.53,-1.26,-4.42,-8.93,8.93,-0.1,7.43,-4.51,-7.38,4.17,-9.03,-2.14,1.31,-5.68,-9.08,-6.21,2.48,-3.2,-6.12,-2.91,-9.22,-2.62,-7.33,-3.25,-4.22,-9.81,-2.09,-9.9,-3.79,0.49,-7.86,-9.85,1.8,-4.17,-2.38,-9.13,-8.88,3.54,-4.56,-5.44,-5.97,-9.9,-0.34,-4.13,-0.1,-0.24,-7.96,7.23,-1.12,-0.1,-5.68,-3.16,-3.35,2.14,-0.05,1.31,0
100,-3.79,-3.54,-9.42,-6.89,-8.74,-0.29,-5.29,-8.93,-7.86,-1.6,-2.91,-0.29,-4.85,-0.49,-8.74,-6.99,-8.74,-2.91,-3.35,-0.29,3.98,-1.6,-0.29,1.21,3.79,2.91,4.85,2.28,0.97,-0.29,6.36,0.53,-0.29,4.66,3.35,0.97,-3.11,-1.84,4.42,-4.42,-1.41,1.41,-5.34,-6.99,1.41,5.1,1.84,-0.29,0.53,-0.29,-6.99,-3.54,6.36,1.84,3.35,-0.29,-0.29,-5.29,-6.89,-5.29,1.21,5.53,1.41,-6.5,4.85,4.85,2.62,1.41,6.36,1.41,-4.76,4.17,-2.04,-6.31,-0.29,-0.29,0.78,-0.29,-0.29,-0.29,-0.29,-3.2,-0.29,-3.2,-3.4,-0.29,-0.29,5.73,4.56,-2.23,4.37,-0.29,4.17,-0.29,-0.29,-0.29,-0.29,-0.29,-3.4,-4.95
72,3.01,5.15,5.15,3.01,6.41,5.15,8.93,2.52,3.01,8.16,5.53,6.02,4.47,5.44,-4.66,-0.97,-0.44,1.55,0.49,4.37,5.44,5.24,6.6,3.01,6.02,6.8,2.91,5.15,3.5,5.15,6.6,-0.1,3.11,6.5,9.22,7.86,3.01,6.5,3.01,7.67,6.6,5.15,3.01,4.27,6.8,6.8,9.22,5.73,5.44,4.85,3.11,5.15,6.99,2.52,3.11,3.2,2.43,4.85,3.11,3.01,4.08,6.7,6.8,3.11,4.08,4.37,3.01,9.13,4.66,3.01,99,99,99,99,99,99,99,99,99,99,99,99,99,99,4.56,99,99,99,99,99,99,4.47,99,99,99,99,99,99,99,99
36,-2.91,4.08,99,99,-5.73,99,2.48,-5.29,99,1.46,99,99,2.82,99,0.92,-5.73,-0.92,5.58,0.53,1.41,99,6.36,99,99,99,99,8.2,99,8.3,99,7.52,8.64,99,99,8.64,8.16,99,4.85,99,99,6.75,99,99,99,99,3.79,6.41,2.48,3.25,8.4,99,99,4.03,99,99,7.33,99,99,99,1.84,99,5.44,99,99,99,6.94,99,3.59,7.04,99,99,99,99,99,99,99,99,2.28,99,99,99,99,99,99,99,99,99,99,99,99,99,6.17,99,99,99,99,99,99,99,99
100,1.31,1.8,2.57,-2.38,0.73,0.73,-0.97,5,-7.23,-1.36,3.83,1.75,5.63,-2.86,-1.8,-2.04,5.53,-0.29,-0.58,1.36,2.43,0.63,-4.61,-4.37,-1.65,-1.36,7.57,-0.15,5.97,-3.5,0.24,4.27,-0.68,-3.79,7.62,5.15,2.43,0.1,0.83,-2.04,0.53,2.33,-2.28,-5.15,-0.58,-1.26,2.04,-1.41,2.38,6.6,2.04,-1.99,-2.77,-0.49,1.75,0.92,-6.89,-5.29,0.68,-2.38,-0.15,-0.24,1.46,-2.14,2.43,-2.43,-5.1,-0.49,0.15,-2.62,-2.91,1.12,1.7,0,2.04,3.06,-4.47,2.04,1.12,3.3,1.46,0.68,-2.57,-0.63,0.58,-0.63,1.89,2.38,6.21,-2.52,1.46,1.7,0.29,-3.3,3.45,5.44,4.08,2.48,4.51,4.66
47,99,99,99,99,5.87,99,5.58,0.53,99,7.14,7.04,99,3.74,7.04,-4.85,-4.85,-5.34,2.04,5.58,5.58,8.01,99,-0.87,99,3.98,99,7.67,7.04,7.52,99,7.04,6.84,99,99,7.67,8.11,99,3.98,3.98,99,99,7.04,5.97,4.85,7.38,7.04,3.3,7.04,8.4,9.17,99,99,7.82,7.04,99,7.04,99,99,99,99,7.86,7.77,3.98,0.53,7.23,8.69,99,6.12,8.45,99,99,99,99,99,-0.05,99,99,99,99,99,99,99,99,99,99,99,99,99,99,99,99,99,7.52,99,99,99,99,99,99,99
100,9.22,9.27,9.22,8.3,7.43,0.44,3.5,8.16,5.97,8.98,3.74,5.87,8.69,6.31,1.07,-9.13,3.69,-7.33,3.88,-7.48,8.45,9.17,9.22,9.03,9.27,4.42,8.69,1.75,7.57,-7.14,8.93,6.8,0.87,7.23,8.79,8.79,7.43,8.59,8.54,9.17,8.2,8.54,8.2,9.17,9.08,2.86,-2.38,7.43,1.17,-0.29,5,8.35,7.62,8.16,8.06,8.35,9.22,-9.27,7.14,9.08,4.08,-9.81,-7.14,9.32,7.14,7.57,-5.78,-6.55,-7.23,6.36,-7.57,8.93,0.15,8.93,-6.21,8.35,3.35,8.69,-8.45,8.79,8.88,-8.69,7.77,-0.83,7.62,8.2,5.44,8.93,8.45,2.09,8.11,-1.02,5.58,6.84,5.53,-5.92,8.2,8.98,-8.16,6.5
100,8.79,-5.78,6.02,3.69,7.77,-5.83,8.69,8.59,-5.92,7.52,-4.85,-7.28,-6.75,-1.99,-3.79,4.42,4.85,-8.83,-7.96,0.49,5.05,-9.51,-0.44,-4.32,4.85,-3.5,-9.22,1.46,4.51,-4.95,-3.16,4.42,-3.79,-9.47,-9.51,6.55,-2.96,-8.35,1.7,4.03,5.1,-4.37,8.3,-4.81,-7.91,-3.01,-5.05,8.88,5.24,-8.01,7.91,-9.51,-9.47,-1.6,-3.69,-4.85,-8.98,-7.04,-5.73,8.69,-7.67,-7.62,8.64,-0.53,3.79,2.57,8.54,-0.58,-3.74,-8.54,3.54,0.49,3.35,3.59,3.54,5.63,-0.83,-4.61,-2.57,-7.04,6.07,3.16,5.87,4.03,-0.68,1.17,3.2,-0.34,8.69,1.12,2.72,-5.49,-8.59,8.69,-8.74,-3.01,8.3,-4.81,-2.38,-5.97
100,-3.5,1.55,2.33,-4.13,4.22,-2.28,-2.96,-0.49,2.91,1.99,-1.99,5.53,-4.66,4.9,2.52,-0.68,0,-2.23,-6.6,-0.29,5.73,-1.65,-3.83,-4.13,-3.88,-2.43,5.73,-0.68,5.97,-3.45,0.63,0.19,3.06,7.04,5.39,5.78,-7.96,-0.19,1.65,-1.12,1.02,-5.05,-6.17,-4.37,-3.79,3.4,0.97,-3.54,4.22,5.24,3.93,4.22,-7.18,1.8,-1.17,4.17,-5.24,-6.8,3.93,-3.93,-0.68,0.53,-4.51,-2.96,6.02,3.2,-3.69,6.41,3.93,-3.3,4.22,-3.4,-3.2,-4.37,-2.38,-3.64,-0.39,2.04,-5.68,-4.22,-6.6,-4.47,6.21,-2.28,-1.94,-6.26,0.49,-0.87,4.47,-2.77,3.11,1.7,0.24,-5.92,7.28,-1.36,3.74,2.82,-2.86,3.45
51,99,-9.27,99,99,-7.38,99,8.74,-6.31,99,2.33,99,1.75,0.63,2.62,7.72,-3.5,-1.26,4.81,7.91,6.21,-4.22,-3.4,2.09,99,0.44,0.53,-7.57,-4.13,5.78,-2.57,6.36,1.94,99,3.59,5.53,-1.89,99,-4.22,3.35,-1.17,99,9.03,99,99,99,-1.02,8.4,-1.21,8.3,6.26,99,99,1.26,-2.77,99,5.24,99,99,2.23,99,5.97,4.47,2.33,99,4.51,4.03,99,-6.12,6.65,-1.02,99,3.88,99,99,99,99,99,99,99,99,99,99,99,99,99,99,6.07,99,99,99,99,99,99,99,99,99,99,99,99,99
100,3.16,7.62,3.79,8.25,4.22,7.62,2.43,0.97,0.53,0.83,3.5,3.3,5.05,4.71,2.57,-0.73,1.02,-1.21,2.23,0.97,0.97,-0.15,5.63,0.19,2.52,4.66,6.5,1.21,6.46,5.58,0.83,3.69,3.64,2.52,5.83,3.06,7.18,1.75,-2.18,0.24,2.82,0.97,3.93,7.67,2.86,3.69,5.53,2.14,2.43,4.66,1.07,5.68,4.08,5.1,1.07,7.18,1.17,3.74,5.39,3.06,3.93,3.79,5.49,3.16,3.11,2.48,6.75,4.13,5.63,5.73,0.58,5.92,3.88,0.78,2.62,7.48,7.38,7.33,7.86,6.65,7.33,2.62,7.86,7.48,5.78,0.1,7.96,-0.05,7.72,5.1,0.83,5.68,3.69,0.19,0.29,3.59,0.49,8.06,0.49,7.62
49,4.22,3.64,99,99,2.52,99,4.13,-5.19,99,7.91,99,2.09,0.78,2.04,1.65,-3.64,0.97,2.52,-0.49,0.68,1.65,3.2,99,99,99,1.02,6.17,1.94,1.8,99,3.2,6.5,99,99,5.78,0.49,99,2.23,0.78,2.57,2.77,99,99,99,99,2.04,3.64,3.2,0.19,0.24,99,99,-7.82,0.39,99,-0.73,99,99,1.84,2.04,3.25,3.5,99,99,-3.06,1.75,99,-2.04,2.38,99,99,99,2.52,99,99,99,99,99,99,99,-1.55,99,99,99,99,99,99,99,99,99,99,0.05,99,99,99,99,1.65,99,99,99
53,99,7.62,99,99,-8.64,2.43,8.93,-6.6,99,-9.47,-2.77,-0.73,-9.27,99,-1.02,-3.16,3.69,-4.81,8.79,-7.18,7.62,99,2.77,99,3.25,1.8,5.44,-9.95,7.38,99,2.67,-8.69,99,-0.58,5,9.22,99,-9.27,-7.62,99,99,-8.83,-9.42,99,-6.55,-4.08,2.86,6.41,2.09,9.37,99,1.46,6.12,-1.94,0.29,2.28,99,99,-6.5,-1.12,4.81,3.98,-2.48,99,1.94,0.63,99,1.31,1.8,0.29,99,99,99,99,99,99,99,99,0,99,99,99,99,99,99,99,99,99,99,99,99,99,99,99,99,99,99,99,99,99
55,2.57,-0.73,99,99,2.57,99,-4.22,2.67,99,-1.31,0.73,99,-3.45,-0.53,-5.1,-0.44,-2.28,2.57,-5.39,-0.44,-1.46,-8.88,0.73,99,0.97,99,-0.53,-2.96,3.64,99,0.87,3.35,99,99,1.5,3.54,-0.63,-0.78,-0.44,-0.63,99,-1.41,-4.81,99,0.73,-0.39,0.73,-0.19,-0.97,3.64,-3.35,99,0.39,-1.94,-1.31,1.07,99,-6.26,-0.53,99,-0.15,1.41,0.05,99,0.83,-0.83,99,0.1,1.6,99,99,99,99,99,99,99,99,99,99,99,99,99,99,99,0.83,99,99,99,99,99,99,1.31,99,99,99,99,1.02,99,99,99
50,7.28,5.39,99,99,-4.22,99,8.93,3.5,99,6.12,0.87,99,-3.45,99,-0.68,-8.59,-1.6,3.01,-1.5,-0.29,3.64,5.1,-4.37,99,1.36,0.87,4.13,3.98,8.83,99,6.17,-2.67,99,-2.33,5.78,3.5,99,3.3,99,6.17,99,-5.34,99,99,-3.35,4.76,99,-1.12,-0.44,4.42,99,99,-4.71,-7.18,1.75,1.17,99,99,99,4.81,-3.5,1.55,99,99,2.86,1.89,99,3.11,-0.05,99,-1.26,99,99,99,99,99,99,99,99,99,99,99,99,99,99,99,99,99,99,99,99,-1.55,99,99,99,99,0.29,-4.61,99,99
72,2.72,4.17,6.5,-3.54,-3.3,2.86,7.04,4.95,6.17,8.93,8.88,7.09,2.86,2.04,-6.65,-0.63,-2.91,2.62,6.6,-1.84,1.99,4.32,8.3,-8.4,4.51,5.68,6.36,3.83,8.06,0.92,5.68,7.77,9.17,2.52,6.89,7.43,-2.86,8.74,1.94,6.99,-2.91,4.51,-7.91,2.62,2.33,4.9,2.57,-0.44,4.61,2.96,-2.91,2.82,7.62,5.73,-8.2,2.82,-6.99,-8.45,8.5,4.47,6.89,2.96,8.88,3.93,3.59,0.63,-5.29,6.5,-1.99,1.5,99,99,99,99,99,99,99,99,99,99,99,99,99,99,99,99,99,99,99,99,99,-3.35,99,99,99,2.67,99,99,99,99
100,2.09,-7.57,4.17,-8.4,-6.31,5.34,-5.19,-5.05,-8.2,2.28,1.17,5.73,-6.26,-0.63,-7.14,-5.58,1.5,-1.21,-1.17,-0.34,5.78,-3.5,0.1,-4.32,-0.24,5.92,5.97,-0.68,-0.92,1.21,-0.05,2.04,-8.54,-0.58,0.1,-5.83,-8.69,-0.83,2.86,-7.38,1.6,0.1,-1.36,-3.98,1.55,-0.78,0.39,3.11,-0.49,2.72,-8.11,0.39,5.29,3.98,-3.3,0.19,-7.86,-9.03,0.92,-4.42,3.54,-0.1,-0.1,-4.08,7.28,5.78,-5.29,3.45,6.8,-4.42,6.65,7.28,0.34,3.3,-0.92,7.43,2.77,6.21,6.46,5.53,7.43,5.87,4.9,6.21,3.59,4.76,7.52,8.25,8.5,2.67,3.06,8.25,8.5,-9.51,8.45,8.16,7.82,8.5,8.35,-8.35
74,-3.93,-1.17,2.28,-0.44,-2.28,2.38,-3.93,4.51,-0.34,7.77,-2.48,0.24,0.87,-0.53,-0.68,1.75,-0.24,3.54,2.33,3.3,-1.36,7.62,-0.68,3.83,2.57,-0.58,6.89,5.83,5.73,-4.47,-0.97,3.93,0.05,0.34,8.11,8.2,-4.51,1.55,-3.3,-2.57,-9.42,6.26,-2.48,1.7,-6.46,6.5,6.6,5.87,-4.76,5.68,-5.53,-0.15,6.46,2.48,1.75,3.83,0.39,2.77,-0.58,-0.29,2.28,8.54,-5.05,3.98,8.45,2.43,-0.15,3.83,5.58,-5.58,99,99,99,99,99,99,99,99,99,99,99,99,99,99,99,99,99,99,99,99,99,99,99,99,99,99,-1.5,-6.07,1.26,0.1
67,99,5.49,3.45,99,0.15,4.76,0.1,4.13,8.01,4.76,7.33,8.06,1.6,7.91,7.28,0.05,3.4,-3.35,-0.15,5.92,8.25,0.34,5.73,1.31,6.84,2.91,7.91,6.75,5.49,6.99,1.02,-4.37,6.36,4.51,6.41,5.29,-0.78,6.7,7.57,6.46,0.97,7.91,3.16,99,7.96,7.96,5.15,6.36,6.55,4.51,1.84,5.83,6.5,1.26,7.52,7.28,-1.46,99,3.16,-1.6,3.2,7.57,3.93,1.75,2.62,6.8,0.83,7.23,1.65,3.11,99,99,99,99,99,99,99,99,2.82,99,99,99,99,99,99,99,99,99,99,99,99,99,99,99,99,99,99,99,99,99
60,99,5.83,99,99,5.34,99,-4.47,2.18,-3.98,-3.25,-3.4,3.45,4.17,-5.05,-2.96,-0.19,-1.17,-1.94,-4.56,4.51,-2.18,-1.41,3.69,99,4.47,-5.44,-3.98,3.16,5.78,99,4.95,-1.8,3.25,-3.45,4.13,7.52,99,4.76,4.61,3.74,4.95,4.17,-3.98,-5.05,4.71,5.34,4.71,6.26,-0.92,5.34,-7.48,99,3.16,4.61,-2.91,-3.01,99,99,-4.85,99,6.17,3.16,4.08,5.87,4.56,4.71,99,5.44,5.19,-3.64,99,99,99,99,99,99,99,-2.91,99,99,99,99,99,99,99,99,99,99,99,99,99,99,4.47,99,99,99,99,99,99,99
72,0.49,0.15,0.15,-9.56,-9.76,-9.61,0.29,1.65,-4.61,-4.71,-5.78,0.73,3.11,0.78,-9.9,8.06,-0.83,0.53,5,-9.61,-1.89,-1.26,-1.26,-9.17,-1.84,-2.28,-9.9,-9.17,-1.6,-9.66,-9.85,2.86,-1.99,1.02,-1.36,2.14,-4.66,-0.24,-5.78,0.15,-2.18,-1.75,-4.56,0.05,-4.56,7.57,-1.12,-1.75,-1.7,0.34,-9.22,-9.85,0.53,-3.59,-8.74,-1.84,-1.99,-9.42,-9.51,0.1,2.96,5.39,-1.6,0.19,0.53,-0.73,-9.56,-3.83,3.74,-0.19,99,99,99,99,99,99,99,99,99,99,99,99,99,-2.38,99,99,99,99,99,99,99,99,99,99,-0.97,99,99,99,99,99
54,99,99,99,99,-1.7,99,8.83,-1.89,99,99,-5.39,4.76,1.21,1.36,6.89,3.88,-6.26,1.65,3.88,3.79,-8.25,4.61,99,99,-0.68,0.05,6.89,7.77,4.32,3.11,9.03,4.13,9.22,2.04,8.59,9.27,-0.53,8.88,1.8,1.8,-8.79,8.98,99,99,2.57,9.13,2.43,1.17,-1.6,3.16,1.99,-9.85,3.35,1.75,99,-1.26,99,99,-7.04,99,-0.44,3.45,2.96,99,4.22,3.64,99,9.08,9.17,99,99,99,99,99,-1.07,99,99,99,99,99,99,99,99,99,99,99,99,99,99,99,0.24,99,99,99,99,99,99,99,99,99
46,99,4.08,99,99,5.87,99,0.44,2.28,99,99,99,99,6.26,99,3.16,-8.4,-6.55,1.89,0.19,0.87,4.08,4.85,99,1.89,4.56,6.31,3.64,1.26,6.12,-0.24,3.01,5.24,99,0.39,-1.7,3.93,99,0.73,4.37,5.05,5.19,4.47,99,99,4.76,99,99,4.03,6.26,8.06,4.13,4.37,4.08,3.88,99,4.08,99,99,2.96,99,99,2.82,99,99,2.18,2.77,99,1.26,1.65,99,99,99,99,99,99,99,99,99,99,99,99,99,3.45,99,99,99,99,99,99,99,99,99,99,99,99,99,99,99,99,99
100,1.94,0.87,1.41,2.96,4.85,3.01,3.83,-4.27,-0.19,2.52,-3.4,-0.49,4.22,8.5,4.56,-6.5,3.16,3.16,5.19,1.94,-0.29,6.5,3.54,3.98,2.57,4.37,8.4,-6.46,8.69,1.46,5.63,3.74,1.5,4.17,9.13,8.4,0.68,3.93,4.47,1.89,1.12,3.16,0.68,2.72,-7.38,-1.31,2.77,-0.34,-0.92,8.79,6.46,-0.63,3.54,8.79,3.64,-0.44,2.18,3.11,1.5,6.75,9.08,0.34,-1.99,1.5,7.33,2.82,4.08,4.03,0.73,1.65,-0.34,2.91,-6.07,-6.07,-5.97,7.28,-7.09,4.85,-7.18,-7.48,2.14,1.07,8.98,-5.97,-6.17,-4.51,-3.88,0.34,9.17,0.73,-0.83,-0.78,5.68,-1.7,-1.7,-1.7,-5.1,-5.05,1.65,-5.05
54,99,5.68,5.68,99,3.45,99,4.81,-4.27,99,99,99,-0.29,0.73,5.19,-5.58,-1.31,-2.72,2.91,2.86,-1.07,-0.39,1.55,2.72,99,-4.13,-2.57,5.44,0.78,4.42,99,4.42,-0.68,99,5,4.76,5.49,99,-0.19,2.23,5.68,7.28,2.23,99,99,-2.04,99,2.82,-0.39,-3.2,6.21,99,2.28,3.35,0.78,-0.19,3.83,-4.85,1.75,99,3.01,-4.22,-1.55,99,1.75,3.54,4.32,99,0.58,1.36,99,99,4.56,99,99,99,99,99,99,99,99,99,99,99,99,99,99,99,99,99,99,99,99,6.75,99,99,99,99,99,99,99
100,1.02,3.2,3.2,2.86,2.38,1.21,0.97,3.2,-1.41,1.21,3.2,1.12,0.58,5.44,0.53,4.22,-2.57,3.64,4.08,1.21,0.83,0.53,5.15,5.15,3.16,-4.37,5.73,-6.46,6.7,0.68,2.62,3.4,0.83,1.17,3.01,2.62,0.83,0.92,-6.8,0.53,3.54,1.12,2.96,-2.14,2.77,5.39,3.2,3.64,2.82,5.73,3.06,0.68,5.34,2.77,0.53,3.11,4.03,-8.83,-3.93,-1.36,3.4,5.97,-3.64,1.21,0.49,3.54,-1.89,0.92,1.31,2.96,2.77,2.77,2.82,2.52,2.52,6.5,2.52,2.52,2.52,2.52,1.02,-0.29,2.18,2.14,2.14,-0.53,2.72,2.23,2.14,1.07,1.07,-4.22,3.11,0.78,-9.47,-6.6,0.73,-4.51,-4.13,3.06
38,99,99,99,99,-1.99,99,-0.19,-4.17,99,99,99,99,2.43,99,4.76,-5.05,0.53,-1.5,2.57,-6.94,1.12,-4.76,-3.45,99,99,99,4.27,-5.73,4.47,99,2.52,0.68,99,99,4.47,4.71,99,99,99,99,99,0.73,99,99,0.39,-4.13,99,3.25,2.57,1.55,99,99,3.93,-3.2,99,-6.07,99,99,99,99,0,2.18,99,99,4.32,-1.89,99,-1.8,-4.76,99,99,4.76,99,99,99,99,99,99,99,99,99,99,99,99,99,-5.87,99,99,99,-0.78,99,99,99,99,99,99,99,99,99,99
100,5.92,-1.65,5.92,5.87,3.06,3.35,2.72,0.1,5.92,2.96,6.31,6.99,0.44,6.12,0.49,-2.09,0.97,3.3,2.52,2.77,3.54,3.93,2.82,5.87,5.92,6.55,5.63,6.89,5.68,3.3,7.38,5.44,5.87,2.48,5.39,5.68,3.3,1.12,0.44,3.74,1.21,3.5,5.87,5.87,7.62,7.82,3.88,7.62,3.16,6.99,7.57,6.21,3.4,7.43,3.3,6.5,0.58,-0.87,1.07,0,3.88,5.58,1.12,0.49,7.91,3.4,5.87,7.09,5.49,3.35,0.39,6.12,0.39,0,-0.29,-1.02,-0.29,8.45,8.01,3.3,7.72,5.63,5.68,1.41,1.36,1.55,5.24,1.55,-0.39,-0.39,-0.53,0.1,0.1,0.39,0.39,0.39,-0.15,0.15,0.34,-0.15
41,-9.66,-8.35,99,99,0.29,99,-9.22,-9.51,99,99,99,99,-0.29,99,2.57,-6.36,-2.96,2.52,-5.34,5.15,-4.95,99,99,99,-6.6,99,6.07,3.54,3.5,99,3.01,8.11,99,99,9.27,9.08,99,-0.73,99,99,99,99,99,7.14,99,-6.07,99,4.81,5.1,9.27,-6.41,99,5.05,6.84,99,6.36,1.31,99,99,99,-7.52,-0.97,5.92,99,8.98,8.64,99,5.53,-2.82,5.49,99,99,99,99,99,99,99,99,99,99,99,99,99,99,99,99,99,99,99,99,99,99,99,1.36,99,99,99,99,99,99
72,7.18,9.17,9.13,3.74,8.69,7.57,-6.12,6.12,5.15,1.65,2.52,8.74,8.64,4.03,-9.66,-1.5,3.74,0.78,8.83,7.09,2.52,2.57,8.79,5.78,1.46,6.41,7.86,8.64,9.03,8.11,7.43,8.83,3.2,7.38,5.58,1.21,6.94,5.63,8.5,6.41,0.97,4.95,8.93,2.33,6.07,7.04,4.47,4.47,4.37,4.47,8.88,9.08,5.83,-0.83,6.5,2.38,1.7,0.24,4.13,-2.72,3.79,4.51,5.73,5.1,8.59,4.9,7.96,9.08,7.96,3.64,99,99,99,99,-3.3,99,1.75,99,99,99,99,99,99,99,99,99,99,99,99,99,99,99,99,99,99,99,99,99,99,99
51,-3.69,-1.12,99,99,0.87,99,2.18,-2.91,99,-2.48,2.82,99,-1.7,3.11,1.12,0.73,1.94,5.24,-0.92,2.57,2.38,1.07,-1.17,99,99,99,6.26,4.71,5.15,99,-0.44,5.58,99,99,4.66,4.37,99,1.65,1.89,99,-3.25,2.28,99,99,2.23,2.96,2.77,4.71,1.94,4.61,99,3.06,5.15,2.52,-0.58,3.01,99,99,99,-1.8,1.12,4.03,99,99,99,5.44,99,2.09,4.37,1.94,99,99,99,99,99,99,99,99,99,99,99,99,99,0.73,99,-1.75,99,99,99,99,99,99,99,99,99,99,4.22,99,0.24,99
100,2.96,2.96,2.96,2.96,3.74,2.96,3.74,0.78,2.96,2.96,3.2,3.2,3.74,3.2,3.74,3.74,0.29,3.74,3.74,3.74,3.2,3.2,2.96,2.96,3.16,3.25,3.25,3.2,3.25,2.96,3.2,3.25,2.96,2.96,3.25,3.2,2.96,3.2,3.2,3.2,2.96,3.2,2.96,2.96,3.2,3.2,2.96,3.25,3.2,2.96,2.96,2.96,3.74,3.16,2.96,3.2,2.96,2.96,2.96,2.96,3.25,3.25,3.16,2.96,3.2,3.25,3.74,3.2,3.2,2.96,2.82,2.82,2.82,2.82,2.82,3.74,2.82,2.82,2.82,2.82,2.82,2.82,2.82,2.82,2.82,2.82,2.82,2.82,2.82,2.82,3.74,3.74,2.82,2.82,2.82,2.82,2.82,2.82,2.77,3.11
47,99,99,99,99,-3.01,99,-3.35,-2.28,99,99,99,2.96,-9.66,0.19,-9.56,-2.52,-1.99,-9.61,1.26,4.37,3.74,99,-8.06,99,-3.45,1.02,7.57,-2.86,2.86,99,-1.94,-4.22,99,-0.92,1.7,4.22,99,1.75,-5.29,99,99,3.06,99,99,0.92,-7.62,-1.7,-9.27,2.96,-1.21,99,1.26,1.12,-1.55,99,-9.17,99,99,1.6,99,5.63,8.5,99,99,8.93,6.36,99,3.16,-8.88,3.11,3.59,99,99,99,99,99,99,99,99,99,99,99,99,99,99,99,99,99,99,0.78,99,99,99,99,99,99,99,99,99,99
73,-4.95,-2.86,2.23,-6.65,5.44,0.97,-0.97,-5.97,-8.74,-3.45,2.52,-2.48,1.07,1.65,-1.89,-3.74,1.75,-2.28,2.72,3.11,3.01,-8.35,-5.1,-8.06,-2.23,5.19,7.57,-9.08,5.97,-6.94,8.06,8.45,-6.36,-2.52,4.76,8.69,-3.11,-2.62,-0.15,2.33,-5.39,4.85,-4.42,-3.83,0.34,0,4.17,-1.55,8.69,8.35,-2.43,6.07,5.53,6.02,-8.2,-2.77,-7.48,-5.58,-4.37,-8.4,4.85,5.44,-8.5,-8.01,5.49,1.5,-8.93,0.83,-1.31,-1.02,99,99,99,99,99,99,99,99,99,99,99,99,99,99,99,0.63,99,99,99,99,99,1.36,99,99,99,99,99,99,2.67,99
50,99,99,99,99,8.25,99,2.72,0.53,99,99,-2.96,-7.14,4.51,7.91,6.12,-4.66,2.04,0.83,-0.49,-0.58,5.92,4.17,99,99,4.32,4.9,6.6,2.14,-0.15,99,8.45,-5.05,99,-4.61,8.25,5.78,2.52,-1.31,-2.77,1.02,-1.75,2.57,99,99,-1.75,5.97,0.63,-8.69,6.46,-2.62,1.7,99,9.22,7.18,99,9.27,99,99,99,99,2.57,5,-1.75,99,5.87,7.09,99,3.93,-1.6,99,99,99,99,99,99,99,99,99,99,3.79,99,-7.48,99,99,99,99,99,99,99,99,99,99,99,99,99,99,99,99,99,99
46,99,8.3,99,99,6.36,99,-4.51,3.59,99,0.63,6.65,99,8.59,6.41,5.15,-3.69,6.6,-1.46,-3.59,-4.42,8.45,6.7,99,99,99,6.94,9.13,1.41,7.04,99,3.2,5.97,0.68,99,7.52,3.16,99,1.26,99,99,99,7.86,99,99,99,6.17,7.91,7.04,8.2,5.1,99,99,7.48,99,99,2.28,99,99,0.49,-0.78,99,-0.39,0.49,99,9.08,2.09,99,-0.78,0.73,99,-6.36,6.75,99,99,99,99,99,99,99,99,99,99,99,99,99,99,99,-0.39,99,99,99,99,99,99,5.73,99,99,99,99,99
100,0.15,-3.2,6.46,2.62,-2.91,-4.37,2.04,2.38,-5.05,-3.01,8.93,1.6,-0.44,2.43,1.89,-1.99,2.14,-4.22,0.39,-0.63,6.89,2.18,-7.33,-7.62,2.96,7.77,2.86,1.46,8.25,-5,-0.24,2.38,6.6,-3.88,8.01,7.33,-4.76,-3.2,-1.6,-5.15,3.2,8.54,-5.34,-7.14,0.78,5.15,0.97,-2.72,5.39,4.27,0.87,0.34,7.28,7.86,-3.59,4.9,-5.24,-8.16,-3.83,-5.97,0.78,-0.53,-0.92,-8.06,2.33,-5.44,-7.86,-3.45,8.79,-3.98,-3.54,1.41,1.41,-2.77,-0.29,4.71,-4.27,-4.47,-5,-3.5,-1.5,0,-4.08,2.96,-8.25,-8.83,-4.66,-6.84,7.33,-6.94,-2.09,-4.51,-2.14,-7.72,-5.15,-5.29,-3.79,-1.99,-4.9,6.07
100,8.79,5.1,5.49,0.92,5.83,7.91,4.51,5.05,7.86,7.04,7.09,7.04,1.46,8.59,-0.24,3.83,4.37,8.59,4.08,2.33,6.41,5.58,8.83,6.99,6.55,6.8,8.4,8.01,3.16,8.83,5.39,8.93,5.19,6.94,5.29,8.5,6.94,8.98,5.29,5.68,5,3.11,7.91,2.09,7.52,9.13,8.16,6.94,7.14,5.78,5.15,4.22,5.39,8.11,8.88,7.91,0.78,0.83,3.93,6.6,6.46,9.08,8.25,4.13,6.94,5,8.45,8.98,5.05,8.83,3.2,3.2,6.65,1.02,1.75,2.91,3.35,3.54,2.77,2.77,2.77,1.7,3.2,3.2,1.31,3.45,2.48,3.64,7.09,3.64,3.64,3.88,3.83,2.77,0.29,2.77,1.46,-2.77,2.18,-1.21
92,7.33,8.35,5.83,-5.58,5.24,-5.97,-8.16,9.08,6.31,2.43,7.09,7.91,8.5,7.09,8.25,-0.19,-0.63,1.7,-0.39,-6.94,-5,7.14,5.78,-8.5,1.5,-3.06,1.75,-6.8,6.26,-8.16,2.72,-0.15,7.72,2.28,8.2,6.89,-0.58,8.5,-6.26,2.38,5.34,-4.03,-5.15,-8.25,-6.46,6.21,-8.11,-8.74,-3.64,3.83,-3.74,-0.39,-5.49,-0.49,1.75,2.91,-8.79,-9.85,-6.31,2.86,1.41,1.7,-5.39,-2.82,7.52,3.01,-4.81,-9.51,4.13,2.48,99,99,99,99,99,99,99,99,-0.19,-7.91,7.52,-7.82,6.6,-7.67,0.1,-6.26,4.27,8.54,7.52,-7.91,6.75,3.74,4.71,-7.04,2.23,-7.33,5.87,-6.07,-5.34,3.83
73,8.45,3.35,7.77,2.77,1.8,8.88,8.59,-9.85,-8.45,3.98,8.5,8.06,-9.56,8.54,-9.85,-9.66,2.23,-1.7,4.08,6.5,9.08,8.35,7.38,5.05,8.59,6.12,7.96,8.74,8.79,7.04,8.74,9.22,6.75,5.78,8.88,9.03,8.5,4.71,8.4,8.64,6.99,8.98,8.54,-9.37,8.54,4.85,8.64,8.93,9.08,7.14,8.3,8.88,9.03,8.83,2.04,8.79,-8.74,3.4,8.4,8.11,5.49,9.13,6.84,6.84,6.75,9.32,8.35,8.59,8.98,6.8,99,99,99,99,99,99,99,99,99,99,99,99,99,99,99,8.69,99,99,99,99,99,99,7.82,99,7.82,99,99,99,99,99
89,-8.25,-1.17,5.1,-0.44,3.79,5.68,-0.53,-8.3,-7.86,-7.91,-1.6,0.63,-4.32,2.14,-5.49,-0.53,-0.53,-7.28,2.72,-5.44,6.94,3.83,-1.94,-8.98,5.73,3.59,8.11,-9.08,5.24,2.96,6.31,-0.24,-0.68,-3.88,4.08,7.38,-9.66,1.75,5.34,6.17,-8.74,0.73,-9.37,-9.27,-6.75,5.92,0.63,4.47,3.74,3.16,0.63,6.21,7.77,6.12,-8.4,0.19,-5.34,-9.56,-3.88,-9.03,3.3,-4.27,-0.68,-9.27,6.99,1.75,-7.91,4.56,4.9,5,99,99,99,99,99,99,99,99,99,99,99,-9.13,-1.21,-4.03,-3.35,-9.42,4.51,-5.05,7.09,3.25,-1.6,4.95,-8.35,-6.31,-0.24,5.92,-9.13,2.23,0.68,5.39
71,-5.44,0.68,1.5,3.35,-8.25,3.93,3.3,-1.46,1.46,1.84,3.4,3.2,-1.41,-2.72,-2.48,-9.17,-7.72,-1.7,-6.89,-9.71,1.8,-4.08,-0.44,-3.83,0.73,-5.97,1.99,0.73,3.2,-5.05,4.95,5.83,3.88,0.39,1.41,-4.42,2.04,4.76,-0.15,-5.19,-3.64,0.29,2.23,-6.17,-0.1,2.77,0.78,3.2,2.38,4.81,-7.48,-3.06,1.36,1.02,2.33,1.21,-2.67,-7.91,0.39,4.22,-5.68,0.78,1.65,1.5,-0.1,4.51,0.19,-6.07,4.85,-4.37,99,99,99,-5.63,99,99,99,99,99,99,99,99,99,99,99,99,99,99,99,99,99,99,99,99,99,99,99,99,99,99
100,-7.82,9.17,-9.08,-9.03,-8.93,6.5,7.77,-9.08,-9.42,-7.96,-5.68,4.22,1.99,8.64,-8.83,-8.11,-9.13,3.45,9.13,4.17,7.23,-8.88,5.34,-8.93,-9.42,3.54,8.54,1.36,8.45,7.96,8.5,5.19,-5.63,-7.62,8.45,8.06,-6.84,-6.26,5.49,-8.93,3.74,8.59,-8.54,-8.54,8.74,-7.33,-7.18,8.35,8.98,8.54,1.07,-0.29,9.13,1.84,-5.05,9.17,-8.98,-9.03,7.04,-5.68,8.16,9.03,8.69,-9.22,-7.48,2.52,-8.69,6.26,8.93,-3.79,5.92,9.03,8.93,5.68,-9.22,-4.32,8.25,7.91,7.96,5.97,-8.93,-3.74,-1.89,3.11,5.78,-9.56,4.08,8.79,9.03,3.54,9.08,2.28,8.59,-6.5,-3.5,3.3,0,-9.27,1.46,8.06
100,3.16,5,-1.31,2.33,-7.33,6.8,-4.13,6.26,5.15,2.09,4.51,-0.83,-6.21,1.89,-6.21,0.29,-2.96,-3.93,-3.93,3.5,6.5,2.04,6.6,-7.18,0.15,0.34,1.5,4.03,-6.75,4.9,8.11,8.45,-7.67,-0.15,2.28,5.1,4.42,2.77,1.8,7.38,7.33,3.59,-5.78,-0.58,1.8,-1.07,4.51,4.42,-7.72,4.51,3.35,5.15,8.06,5.87,7.62,5.83,5,-6.75,-6.7,5.53,2.91,1.75,0.78,4.56,6.94,6.65,6.55,3.74,3.4,6.7,1.21,0.39,5.92,1.7,3.93,3.5,3.16,5.15,3.69,6.17,3.64,6.36,6.36,0.78,4.81,1.17,6.5,6.46,3.93,-0.63,6.55,8.98,5.24,3.4,8.54,-6.46,2.62,-7.14,-0.1,6.31
60,99,1.26,99,99,-0.1,99,2.18,1.17,-3.69,3.64,6.07,3.79,0.97,-1.5,1.26,-3.79,-4.13,3.16,2.38,-3.93,5.78,1.99,4.85,99,4.76,-1.21,0.97,3.98,5.68,99,4.81,5,-1.17,2.48,7.72,5.24,99,2.38,-1.55,4.95,2.67,5.73,-4.42,2.33,2.48,-1.12,-1.7,7.52,4.32,3.79,-3.5,3.69,5.68,3.5,0.39,7.18,99,99,1.55,99,6.94,3.16,2.72,-3.3,6.26,1.55,99,5.1,4.71,-2.43,-3.69,99,99,99,99,99,99,99,99,99,99,99,99,99,99,99,99,99,99,99,99,99,99,99,99,99,99,99,99,99
40,99,99,99,99,1.36,6.5,-1.02,0.87,99,99,99,-6.55,2.09,99,3.83,-2.77,-3.11,3.93,3.79,-7.67,1.36,99,99,99,99,-0.05,99,99,5.63,-1.41,-4.9,8.54,-3.93,99,99,-0.68,99,99,1.8,-2.67,99,2.28,99,99,-7.33,2.72,1.75,4.37,-2.72,3.83,99,99,0.05,99,99,7.33,99,99,99,3.11,3.98,6.36,99,99,1.21,-3.98,99,0.39,-3.93,99,-8.93,99,99,99,99,99,99,99,99,99,99,99,99,99,99,99,99,99,99,99,99,99,99,99,99,99,99,99,-9.76,99
100,-8.59,-7.86,-7.86,-5.05,-5.39,7.86,-9.08,-8.54,-6.84,-8.59,-8.11,-7.57,-3.64,-8.74,-8.88,-0.19,-5.05,-3.3,-0.87,-8.74,6.89,-7.33,-7.96,-9.17,7.33,-7.43,-0.49,6.12,-7.96,-8.16,6.36,-4.22,-8.74,6.02,4.61,-0.39,-8.69,-8.2,5.53,-8.35,-9.17,6.89,-8.16,2.38,-0.78,-3.64,1.8,-0.49,7.04,5.05,-9.13,2.18,1.36,-7.14,-8.79,7.38,-8.88,-9.13,-8.3,-6.55,-8.5,-9.27,-6.07,-9.17,-6.75,3.79,-7.67,6.55,5.78,6.55,-7.38,7.96,4.13,-8.64,-6.55,5.34,2.82,4.03,-6.46,5.83,4.47,5.63,5.68,5.83,-0.63,4.03,6.02,1.02,4.13,-8.79,-0.44,5.24,5.87,0.05,-8.69,3.5,-8.35,-0.53,-2.52,-0.87
45,8.11,5.92,99,99,-8.59,99,5.78,3.5,99,0.53,99,99,7.72,99,0.53,-2.28,-4.08,-6.31,-4.56,-6.7,8.35,7.91,-6.5,99,-1.26,-4.51,0.97,-8.83,8.45,99,3.45,3.2,99,9.03,6.02,3.45,99,99,99,99,99,-6.7,99,99,99,0.24,99,0.44,8.3,8.45,99,99,8.35,-3.88,99,3.59,99,99,3.3,99,1.75,-6.12,99,99,5.19,1.31,99,-4.66,8.64,99,99,99,99,5.78,99,99,99,99,-2.38,-6.31,99,99,99,99,99,99,99,99,99,-6.7,99,99,99,99,99,99,99,99,99,99
53,-2.28,5.1,99,99,-2.77,99,2.33,3.16,99,-8.01,5.97,99,-0.39,6.07,-0.24,-7.82,4.56,-8.01,0.97,-2.62,3.88,-0.78,-0.34,99,2.14,99,1.6,-0.39,2.67,99,6.02,-0.97,99,99,-2.82,2.52,-7.33,2.52,2.18,-7.04,99,1.36,2.04,99,0.29,1.8,4.37,-0.44,6.31,0.97,3.98,99,-0.19,-0.73,2.67,3.59,99,99,2.28,99,5.53,-6.65,-4.22,99,3.64,-6.36,99,-4.13,-7.48,99,99,99,99,-2.33,99,99,99,99,99,99,-4.42,99,99,99,99,99,99,99,99,99,99,99,99,99,99,99,99,99,99,99
100,6.21,7.82,-5.92,1.84,-0.49,2.62,7.18,-4.66,-3.2,-9.22,-3.45,1.7,4.37,-2.14,-9.56,5.15,4.61,7.28,5.19,4.22,4.51,1.12,-7.43,-9.66,-1.6,5.68,6.21,-5,3.83,1.21,9.27,6.75,0.49,-3.01,6.17,7.04,3.06,-3.35,-3.69,-0.78,-4.66,3.83,-3.93,-3.59,-3.35,3.69,5.05,4.13,6.6,8.45,-6.21,-2.52,7.14,5.73,2.77,6.17,7.38,-9.37,-3.74,-2.48,6.07,7.67,1.65,-7.91,1.94,4.37,0.34,5.49,7.48,-3.83,-6.5,3.79,-6.84,-6.02,-6.17,-3.79,0.73,1.07,-3.16,1.55,5.68,7.77,2.62,6.84,-6.26,-5.63,-6.65,-2.72,2.86,2.86,-5.83,-3.98,3.3,6.89,-2.48,-3.25,6.31,5.39,2.62,2.57
62,6.94,-0.05,99,99,2.33,2.91,2.67,-1.41,99,0.63,-0.87,0.39,-3.64,1.94,-8.4,4.85,-5.78,4.71,0.49,-9.51,-9.03,-0.39,-2.43,99,-2.33,-0.97,-1.17,4.27,-7.52,-0.78,2.04,1.65,99,1.84,7.04,3.98,99,-1.7,-1.6,-0.49,0.53,-4.85,-9.61,99,-0.68,4.71,-5.29,1.12,2.96,6.55,2.77,0.68,0.83,-0.39,0.73,0.73,99,99,1.5,8.98,1.5,3.35,-0.49,-0.63,1.84,1.31,0,2.09,1.41,2.57,99,99,99,99,99,99,99,99,99,99,99,99,99,99,99,99,99,99,99,99,99,99,99,99,99,99,99,99,-1.21,99
100,-7.43,-8.74,-7.82,-7.62,-8.74,-8.59,-7.86,0,-8.2,5.97,-9.27,7.28,-9.66,-8.74,-8.35,-0.63,6.89,0.29,-8.35,6.46,-8.01,6.84,-8.79,-8.5,-9.47,-8.06,5.78,7.77,0.34,-8.69,-8.69,7.43,-8.88,6.65,-8.83,6.02,-8.79,-8.01,-8.3,-8.25,-8.01,-8.25,-8.01,-9.08,-7.43,7.09,-9.27,-7.52,-1.17,6.36,-8.54,-7.62,6.94,-0.87,6.8,-2.33,-8.93,-9.37,-9.13,-6.12,-9.32,-8.64,-8.25,-7.77,-8.5,6.12,-9.37,-0.24,-8.11,-8.88,-8.01,-8.2,-8.69,-9.42,7.77,-8.83,-9.47,6.5,-1.17,-9.51,-8.4,-8.88,-8.93,-9.22,-9.51,-0.19,6.41,-8.16,6.46,-8.35,-8.64,-8.64,-8.2,-8.01,-8.88,-7.77,-1.17,-8.74,-8.79,-8.93
63,99,-6.02,99,99,2.62,7.82,6.7,-0.78,-7.04,-0.58,4.13,9.03,-6.31,7.86,-6.94,-5.29,2.67,2.57,5.97,-0.78,9.03,9.03,-6.02,99,-3.69,8.01,8.01,5.73,4.71,99,8.69,2.33,-8.59,9.22,8.59,8.64,99,-4.81,8.45,-1.02,-8.25,9.03,6.84,-9.27,-4.22,-4.61,1.7,-5,8.79,9.03,3.69,99,8.93,-4.42,8.54,9.08,99,99,-6.94,-8.25,8.3,8.64,3.35,-5.49,9.03,9.37,8.35,8.88,9.08,5.58,99,99,99,99,99,99,99,99,99,99,99,99,99,99,99,-3.5,8.35,99,99,99,99,99,99,99,99,99,99,99,99,99
71,4.56,6.17,1.12,2.96,0.63,2.09,1.65,8.06,8.45,8.93,3.35,3.59,-1.21,6.12,2.91,5.97,-2.33,7.33,-4.71,5.34,7.09,8.83,8.5,6.17,3.4,2.04,8.25,3.54,6.65,4.22,4.71,7.67,0.97,5.19,1.26,6.89,5.34,8.54,4.66,1.31,7.33,6.31,8.69,5.15,-1.36,4.27,2.82,2.09,4.47,8.74,2.28,4.22,8.01,8.06,6.89,5.87,8.01,3.74,4.66,7.57,4.76,7.86,5.29,0.63,4.85,6.65,8.4,2.57,4.37,6.65,99,99,99,99,99,99,99,99,99,99,99,99,99,99,99,99,99,99,99,99,99,99,99,99,99,99,99,99,99,8.16
100,1.26,1.12,-1.89,-3.98,-4.17,1.99,1.84,1.17,2.43,4.47,4.95,3.64,2.77,4.17,3.4,-5.24,5.29,-2.09,-2.09,0.24,1.21,-1.07,-5.34,-6.46,3.83,3.79,5.73,4.95,5.92,-6.99,1.46,2.72,0.73,5.97,4.22,5.39,-0.97,8.01,3.79,-2.57,4.08,3.69,-2.77,-1.8,4.81,4.37,3.16,-0.92,6.55,8.45,1.12,3.2,6.55,2.57,4.51,4.61,-2.62,-6.65,2.09,-1.84,4.03,6.94,3.64,-0.92,3.35,-0.92,-3.59,-1.55,3.83,6.36,-6.07,5.68,-5.97,-0.73,-5.63,-3.64,-5.1,2.48,3.06,-2.82,-4.13,4.22,1.65,3.74,-6.46,-6.41,-5.63,4.08,3.45,-7.91,-8.01,0.63,2.62,-8.59,-3.3,3.3,2.28,5.15,3.88,2.77
41,0.29,3.11,99,99,8.11,99,-9.17,-3.93,99,1.07,99,99,8.06,99,-9.37,-9.71,3.3,-8.5,-9.22,-4.03,8.3,99,99,99,3.3,4.17,8.69,3.2,3.5,99,8.25,3.69,99,8.59,9.22,5.92,99,99,99,99,99,7.57,99,99,-4.66,5.1,99,5.39,5,8.79,99,99,8.5,99,99,8.01,99,99,99,99,99,7.23,5.39,99,7.82,3.98,99,3.25,6.12,99,99,-1.21,99,99,99,5.78,99,99,99,99,99,99,99,99,99,99,99,99,99,-8.45,99,99,99,99,99,99,99,99,99,99
100,1.26,-3.74,-3.35,-6.26,-1.26,-4.13,-4.71,-4.32,-4.03,-4.13,-3.3,1.75,-4.32,-4.42,-4.27,-4.27,-2.62,-3.5,-0.97,-3.69,-3.35,-4.03,-3.35,-4.32,-3.74,-3.11,6.41,0.39,5.19,-4.03,5.73,-4.13,-3.93,-3.35,2.82,6.02,-4.47,-3.3,-3.69,-4.03,-4.17,-4.03,-3.45,-5.73,7.14,4.61,0.53,-0.1,2.91,4.13,-4.03,-3.64,-0.53,3.88,-3.79,2.09,-3.93,-7.52,-3.69,-3.69,3.88,4.47,-8.93,-4.22,-5,2.57,-4.03,-1.17,7.72,-3.59,-3.01,-0.29,-1.6,-3.2,-2.48,-1.89,-1.84,-3.01,-4.13,0.15,0.15,-3.54,-3.01,-3.98,1.46,-2.43,1.02,-2.82,-5.34,-4.66,-3.11,-3.06,6.21,-3.2,-3.2,-3.2,-3.88,-3.35,-3.35,-4.32
73,-0.29,-9.42,-0.29,-0.29,-6.7,5.73,-6.89,-8.25,-0.29,-1.84,-5.34,-0.29,0.1,3.2,-7.67,-7.09,2.04,-0.29,-0.29,-0.29,-0.29,-0.29,-0.29,-0.68,-0.29,-2.62,-3.79,-0.29,1.46,-0.29,-0.29,-1.46,-8.06,2.43,-1.65,-0.29,-2.04,-1.46,-6.12,-0.29,-5.92,-0.29,-1.84,-4.56,-4.17,5.73,-0.29,-4.76,-0.29,0.68,-0.29,-0.29,2.82,4.76,1.07,-0.29,-6.7,-9.03,-0.29,-5.92,2.82,-0.29,-0.29,-0.29,4.17,-0.29,-1.07,2.43,2.04,-0.29,99,99,-0.29,99,99,99,99,99,99,99,99,99,99,99,99,-0.29,99,99,99,-0.29,99,99,99,99,99,99,99,99,99,99
61,99,99,99,99,-3.06,8.98,9.13,-9.17,99,5.49,-4.17,7.33,-6.99,7.48,-7.28,7.62,3.93,1.89,9.22,-7.82,8.35,-7.77,-7.33,99,8.25,8.74,8.93,5.39,-9.32,-6.46,7.77,8.83,99,-6.75,8.83,8.64,99,8.54,8.88,-6.8,-0.87,9.17,-0.53,99,3.64,5.44,8.35,9.08,9.08,8.69,-7.72,-3.35,7.23,8.98,-3.64,9.03,99,99,-0.39,99,7.28,-0.19,-4.61,6.94,5.15,8.98,99,8.59,8.98,2.67,99,7.43,99,99,99,99,99,99,99,99,99,99,99,99,99,99,99,99,9.03,99,99,99,99,99,4.56,8.54,99,99,99,99
72,-1.6,-1.75,-1.75,-1.6,2.09,-1.8,0,-8.64,-1.7,-1.75,-1.8,-1.8,7.14,-1.31,-0.39,-0.39,-9.03,-0.15,-0.24,0,0.15,-1.75,-1.75,-1.99,-1.75,0,-1.89,-1.75,-0.83,-1.75,-1.02,0.05,-1.75,-1.6,-0.05,-2.18,-1.99,-1.84,-1.41,1.31,-1.75,0.1,-1.75,-1.6,-1.8,-1.89,-0.58,-0.24,0.83,-1.21,-1.75,-1.8,0.15,1.55,-1.75,-0.87,-1.6,-1.99,-1.8,-1.75,0.83,5.53,-1.75,-1.99,-0.34,0.92,-1.75,-1.17,-3.93,-1.75,99,99,99,99,99,99,99,99,99,4.9,99,99,99,99,99,-2.48,99,99,99,99,99,99,99,99,99,99,99,99,99,99
71,3.4,8.11,8.11,3.4,5.44,3.01,0.73,0.92,3.4,3.11,5.97,0.34,0.92,7.28,0.92,3.25,0.87,3.74,3.74,0.73,7.72,5.05,3.11,3.11,2.91,7.86,3.64,2.67,3.59,5.73,6.84,-4.66,3.4,3.11,7.72,3.45,8.11,2.91,3.2,0.44,-0.05,2.38,3.11,3.4,7.57,5.92,0.19,3.11,0.05,3.01,3.4,7.62,3.59,2.57,3.11,3.59,8.11,5.24,3.4,-4.9,6.8,0.58,1.65,-4.85,0.39,7.52,4.42,1.21,3.11,3.11,99,99,99,99,99,99,-2.43,99,99,99,99,99,99,99,99,99,99,99,99,99,99,99,99,99,99,99,99,99,99,99
47,-7.04,-6.21,99,99,-6.94,99,-6.12,-6.5,99,-7.67,99,99,-6.7,99,-6.26,5.92,-6.65,5.44,-7.48,-6.6,7.28,99,99,99,-6.8,7.52,-6.12,-7.96,-6.75,99,-8.25,-5.92,99,7.23,-7.04,6.02,-6.26,-9.37,99,99,-6.36,5.97,99,7.38,-7.82,-9.42,6.26,-6.94,-9.17,6.31,99,99,6.21,-7.77,99,-7.72,99,99,99,99,-8.88,-6.21,-7.14,99,7.04,-7.62,99,7.57,-6.46,99,99,99,99,99,99,99,99,99,99,99,99,99,99,-6.17,99,99,99,99,99,99,99,99,99,99,99,99,99,6.65,99,99
65,99,-2.18,2.67,1.8,0.92,-0.44,2.67,3.11,99,1.21,4.13,3.98,-0.24,0.78,-0.49,1.94,-0.24,-0.24,-0.1,-1.17,1.26,5.15,-0.53,99,-2.52,2.28,0.73,4.71,2.04,-3.35,-0.15,0.83,3.3,0.83,3.98,3.11,1.55,1.17,-0.1,1.12,-0.87,3.74,2.14,99,2.43,3.64,1.21,2.09,1.21,1.5,-1.94,-0.34,3.69,5,2.04,1.17,99,99,3.83,2.52,-0.29,3.5,2.14,1.7,-1.55,3.11,99,4.71,2.52,0.92,99,99,99,99,99,0.68,99,99,99,99,99,99,99,99,1.17,99,99,99,99,99,99,99,99,99,99,99,99,99,99,99
100,3.5,6.21,-0.63,2.86,0.58,-0.05,-2.82,-0.29,-6.02,2.52,1.94,5.44,1.02,1.89,-5.15,-9.22,-5.73,-4.17,-5.83,-5.63,8.64,-7.67,1.84,-7.48,1.7,3.2,6.94,0.53,3.01,-4.76,8.98,7.43,-0.78,2.28,3.5,4.42,-9.51,0.44,6.02,-2.86,-0.1,8.98,2.96,-5.39,-1.07,6.84,0.83,8.4,9.22,1.75,1.55,2.86,7.82,6.12,2.67,-0.05,-8.11,-7.04,-7.96,-6.02,5.63,0.92,2.09,0.05,6.89,3.93,-2.82,0.05,4.71,0.15,-8.88,8.25,8.5,-3.4,5.63,3.54,7.96,0.19,2.77,8.4,-0.44,1.55,8.93,-4.03,4.17,-0.58,1.84,0.58,3.25,-6.36,1.6,1.12,1.12,0.19,2.14,0.73,2.09,1.6,6.36,5.63
68,-6.21,-0.1,-5.29,99,-6.26,-4.42,-7.04,-6.12,99,2.43,-0.73,-6.7,-7.86,-4.61,-8.79,-9.08,-3.74,-5.97,-3.25,-2.72,-3.54,-3.54,-3.69,-1.12,-4.61,-4.13,-1.84,3.64,-4.71,-4.71,4.03,2.28,99,-4.61,0.63,-6.02,-4.56,3.64,-3.74,-1.17,-5.87,1.21,-5.34,-1.26,3.79,-2.48,-0.58,-0.34,3.01,-0.97,-4.51,-3.35,1.55,5.68,-1.12,-1.02,-8.4,99,-4.61,-1.26,1.07,-4.08,-2.33,-5.73,-5.92,4.17,-6.6,-5.87,0.97,-0.53,99,-4.66,99,99,99,99,99,99,99,99,99,99,99,99,99,99,99,99,99,99,-1.89,99,99,99,99,99,99,99,99,99
100,5.44,-2.67,-7.96,-6.8,-6.84,-3.25,-6.8,2.09,-0.49,-0.58,-4.17,-4.47,-6.36,-3.25,1.94,3.11,-5.24,-3.74,-4.08,-4.22,-3.79,-4.22,-6.26,-3.64,-4.17,-4.37,-4.9,-2.77,-5.29,-4.08,-4.47,-1.41,-4.9,-4.37,-2.96,-3.98,-6.02,-4.32,-4.32,-3.98,-4.85,-4.42,-0.44,-7.91,-4.17,-0.39,-4.08,-3.11,-6.75,-3.2,-3.69,-4.13,-4.61,-1.94,-3.5,0,-6.5,-7.86,-4.71,-2.14,-3.2,-4.56,-0.53,-4.66,-4.42,-4.47,5.29,-1.7,-4.03,-4.27,-7.23,-1.07,-4.76,-6.94,-6.21,-7.96,-5.87,-3.59,-6.6,-4.51,-6.26,-2.82,-7.52,-3.59,-5.78,7.33,-3.45,0.44,-3.64,-0.78,-1.02,-3.06,1.36,7.33,-9.51,-2.18,-1.12,-9.66,-5.53,-7.23
67,9.27,9.17,9.27,8.83,-9.32,9.13,7.91,-4.9,99,-6.31,9.22,9.22,3.83,9.17,5.92,-6.5,-6.12,-8.4,5.97,5.39,9.22,9.32,99,99,9.32,9.27,6.75,8.93,9.32,8.98,9.32,5.78,9.22,9.32,8.74,9.13,9.08,9.17,-5.78,8.69,9.37,7.43,-9.85,99,9.17,9.27,9.22,9.08,9.13,7.67,9.37,9.27,9.08,9.22,9.32,9.32,8.98,3.25,9.22,99,9.13,9.22,8.83,99,9.27,9.17,8.88,8.79,9.27,9.22,99,99,99,99,99,99,99,99,99,99,99,99,99,99,99,6.07,99,99,99,-7.67,99,99,99,6.12,99,99,99,99,99,99
100,2.38,-5.44,-8.11,-6.99,3.2,1.55,-9.61,5.53,-0.05,1.6,-4.9,6.5,-8.54,3.83,-9.42,-4.42,-0.78,-3.3,2.77,-9.61,5.15,1.6,5.24,-2.09,-3.16,5.68,4.71,3.93,0.97,-6.5,6.5,4.56,-5.58,4.42,4.13,4.27,-3.88,3.3,5.68,1.55,-7.04,6.17,-3.64,-6.99,-1.89,4.71,7.57,5.39,5,2.67,-8.93,-6.6,5.92,5.63,3.93,7.43,-7.62,-2.82,1.02,-6.94,5.68,6.41,0.44,-5.58,6.12,4.76,-5.73,5.1,4.47,2.96,-8.16,3.93,3.93,5.83,5.83,5.83,5.87,5.87,-0.24,8.16,4.22,-6.02,6.8,6.17,7.52,4.08,1.17,5.53,9.22,0.53,6.17,4.81,8.83,4.51,0.68,2.62,4.32,1.12,1.31,0.44
48,99,99,99,99,0.05,99,1.75,-6.07,99,1.31,3.2,-2.62,-9.61,6.41,3.69,-9.81,-8.88,-9.08,8.79,0.63,4.37,-5.24,99,99,-2.77,-9.17,-6.02,99,9.27,99,-4.37,2.33,99,-6.6,0,-4.51,99,-9.85,3.3,-0.24,99,-6.65,99,99,0.05,5.53,1.6,2.57,-3.69,9.37,99,99,2.77,-3.3,99,-3.4,99,99,99,99,-4.85,-1.21,8.98,99,0.29,-3.4,99,9.17,3.3,-6.12,99,99,99,99,99,99,99,99,99,99,-9.76,99,99,99,99,99,99,9.03,99,99,99,99,99,99,99,99,99,99,99,99
100,-8.5,-6.6,-8.45,-7.82,-8.74,5.78,-8.45,-7.23,-7.28,-6.46,-6.41,6.26,6.31,7.62,6.7,-8.74,5.73,-6.6,7.57,-7.72,5.83,6.41,5.83,7.77,-9.32,-8.64,7.77,-5.49,6.02,6.84,7.86,5.92,5,7.52,-7.57,8.35,-7.18,-8.4,7.18,-7.77,-8.45,6.65,8.5,-8.3,6.94,-7.67,7.72,-8.01,7.48,-7.52,7.09,8.5,6.02,-7.86,6.75,-7.18,-6.41,-8.01,6.41,-8.11,-7.18,5.92,-7.86,-7.43,-6.36,-6.75,6.02,-6.8,8.11,6.36,7.43,7.38,6.26,-8.79,6.31,8.35,5.83,6.12,4.95,7.72,-6.89,7.33,7.57,5.63,7.18,-7.62,6.94,6.07,6.07,-8.25,8.2,8.01,6.89,6.6,7.14,7.14,-7.67,7.04,-9.56,6.17
55,99,99,99,99,6.07,6.41,6.75,5.39,99,5.78,3.93,5.53,-8.2,5.1,-4.61,-8.01,7.57,2.04,7.38,4.56,6.21,5.34,6.12,99,4.85,1.99,5.73,6.21,6.84,99,3.06,5.58,99,3.01,7.62,5.34,99,1.94,5.1,0.15,6.5,6.65,99,99,-0.19,6.12,5.49,7.09,-7.04,5.53,99,7.62,4.27,6.8,5.49,0.05,99,99,99,99,8.2,8.69,8.3,99,-4.32,6.26,99,-4.61,5.87,99,99,99,99,99,6.07,99,99,99,99,99,99,99,99,99,9.22,99,99,99,99,99,99,99,7.23,99,99,99,99,99,6.94,99
100,2.28,1.7,-5.53,-0.87,8.3,7.86,-7.04,1.46,6.7,7.09,3.25,3.06,-0.63,-9.42,4.32,4.37,-3.83,4.51,6.31,-5.1,-8.93,4.66,8.5,-2.52,0.68,-5.83,5.87,4.66,-8.54,1.99,4.13,2.57,2.38,-9.13,-3.54,1.6,-4.9,8.64,-5.53,2.18,2.72,-8.93,7.57,2.33,-8.93,2.77,6.65,-8.64,7.52,-3.83,-9.32,-5.87,2.82,-7.67,1.84,-4.13,-3.01,-0.44,6.55,7.04,-0.44,8.35,5.39,5.19,-8.83,4.9,8.4,4.27,2.67,4.9,8.64,3.35,4.76,6.02,-5,-5.73,8.64,4.66,5.78,2.91,4.66,4.17,2.43,4.66,2.62,6.7,1.84,5.15,9.13,5.05,8.98,1.99,4.51,8.64,4.9,5.34,8.25,-9.37,6.41,-9.27
53,99,99,99,99,-1.41,-1.31,1.07,-2.48,99,0.73,99,-4.47,-0.1,4.42,0.44,-4.13,-1.94,-8.74,-0.29,2.62,5.39,-1.26,6.46,99,-3.16,0.87,-2.62,1.7,7.28,-0.24,-1.31,-0.19,99,99,4.95,2.33,99,-2.43,2.14,0.73,99,4.51,99,99,1.89,1.41,-0.39,0.83,3.93,1.89,99,1.07,3.01,-3.16,1.12,-2.38,99,99,99,99,-7.57,-3.69,99,-0.44,0.39,-2.57,99,2.72,-0.05,0.1,99,99,99,-7.23,99,99,99,99,99,99,99,99,99,99,99,-2.77,-3.35,99,99,99,99,99,99,99,99,99,99,99,99,99
38,99,99,99,99,2.33,99,5.87,-4.42,99,99,99,99,-8.16,99,0.24,-8.25,-0.63,0.05,1.75,1.75,-1.5,99,99,99,99,99,-0.15,4.17,6.07,99,1.55,4.76,1.75,-0.19,6.36,6.26,99,4.03,-1.02,99,99,6.46,99,99,99,99,2.23,99,2.96,4.17,99,-0.29,5.58,6.36,99,3.25,99,99,99,99,5.19,-4.17,99,99,99,99,99,-2.86,-0.68,0.05,99,99,99,99,99,99,99,99,99,3.79,99,99,99,99,99,99,4.22,99,99,99,99,99,99,99,99,99,99,99,-2.52,99
53,3.45,6.07,-9.27,99,-9.81,99,3.3,0.39,99,-9.42,-4.03,99,-1.94,99,-8.93,-6.8,-2.18,-6.94,0.87,3.3,0.29,99,-9.47,99,-6.36,1.7,-1.17,-7.18,6.12,99,1.65,6.07,99,6.02,0.63,-1.55,99,-9.08,99,99,99,3.45,-3.16,99,-9.71,-3.88,5.44,-9.42,2.72,-1.8,99,99,7.72,8.3,-9.27,-2.28,99,99,-1.12,-8.98,-2.43,6.46,6.26,99,5.34,7.82,99,6.21,4.27,99,99,99,99,99,99,-0.83,99,99,99,99,1.02,99,99,99,-1.89,99,99,99,99,99,99,99,99,-4.56,99,99,99,99,99,99
100,3.06,6.5,-7.91,-6.7,6.8,-8.2,7.96,1.41,-8.01,-2.57,-8.54,-3.83,5.39,3.93,4.51,-8.64,1.7,-5.83,-4.17,7.28,1.55,-4.85,4.66,-7.62,-9.08,0.87,7.48,-6.26,7.23,-7.91,-6.55,2.67,-7.91,1.8,-6.65,3.98,-8.98,-6.41,-2.38,2.77,1.12,3.01,1.94,3.83,-6.31,-7.57,4.32,-6.55,-0.78,6.89,-7.91,-8.98,0.19,7.72,-2.72,3.06,-9.76,-9.76,-8.69,-8.25,2.48,7.62,-8.01,5.78,-1.31,-9.56,-7.62,7.77,-8.45,-7.62,9.17,8.93,1.99,-9.13,-9.13,-9.13,8.74,-9.27,8.88,8.64,-9.76,-9.17,8.93,-9.81,9.13,9.08,-9.08,-9.08,0.78,-9.71,8.83,-9.17,3.88,8.69,9.13,-8.5,9.13,9.13,7.48,-8.79
72,-7.67,-6.99,-1.41,-7.77,-8.69,-6.5,5.19,-5.87,5.05,5.19,-1.31,-2.57,4.71,3.01,4.13,4.51,-5.87,7.18,-2.28,-1.65,-3.88,3.54,3.11,4.27,3.54,6.8,5.19,1.7,6.65,-1.17,3.11,5.58,5,3.54,5.53,4.27,6.84,-0.73,-5.53,-2.52,4.13,3.06,-8.3,7.33,5,5.58,-0.58,-5.29,-0.53,5.49,5.92,-1.41,6.41,4.66,2.86,3.2,5.73,-7.52,6.65,3.54,5.58,-6.6,-1.17,5,4.85,-7.33,6.65,1.26,5.87,6.65,99,99,99,99,99,-2.96,99,99,99,99,99,99,99,99,99,99,99,99,99,99,99,99,99,99,99,99,99,99,-5.05,99
41,99,99,99,99,6.02,99,-2.09,6.84,99,99,0.73,99,2.91,4.71,-7.96,0.92,1.36,-0.39,2.67,-2.04,8.16,99,99,99,6.99,99,6.84,8.74,2.86,99,5.05,6.21,99,99,0.15,4.71,99,3.98,6.02,99,99,5.05,99,99,2.23,8.74,8.3,6.94,9.27,8.35,99,99,5.15,7.52,99,4.27,99,99,99,99,8.35,4.95,99,99,6.12,2.14,99,4.95,6.21,99,6.07,99,99,99,99,99,99,99,99,99,99,99,99,99,99,99,99,99,99,99,99,99,99,99,99,99,8.88,99,99,99
72,-1.5,3.3,3.35,-1.94,1.55,4.9,-8.54,-9.22,0,-2.86,0.92,4.22,-0.15,-2.33,1.41,6.26,-9.13,6.12,-2.57,0.24,3.06,-0.53,0.73,-2.67,3.16,-2.86,-0.05,3.79,5.63,2.33,4.17,5.87,-0.78,4.03,-5.19,-3.98,1.07,1.99,5.83,0.34,-1.84,4.08,-2.38,1.02,1.26,1.55,3.06,-2.72,6.75,5.92,0.87,-0.73,4.81,3.5,-3.16,4.61,2.67,1.7,3.06,-2.09,-1.7,6.55,1.94,-2.28,-2.04,7.43,-1.89,6.21,1.5,6.12,99,99,99,0.19,99,99,99,99,99,99,99,99,99,99,99,99,99,99,99,99,99,99,99,99,99,99,6.12,99,99,99
100,2.82,5.44,7.57,2.86,7.09,6.99,6.99,6.07,2.43,8.11,8.74,7.67,-5.68,8.35,-6.12,-2.67,-0.49,-0.05,1.55,7.14,7.28,8.88,1.6,-7.38,3.35,8.45,6.7,8.93,1.31,6.99,6.12,-7.23,7.48,6.55,6.75,0.97,0.44,7.14,8.88,5.63,-7.14,-6.8,3.35,5.92,7.28,7.28,0.1,-0.92,0.19,-1.46,7.52,8.11,1.17,2.48,0.29,7.67,-0.63,2.82,6.6,5.58,4.71,4.27,1.75,3.35,8.11,7.18,7.28,3.64,8.11,3.16,6.89,6.99,5.78,7.62,8.35,4.17,6.41,5.63,5.92,6.6,7.57,7.04,8.4,6.46,6.46,6.31,6.31,7.72,8.93,3.83,2.23,6.5,6.99,8.11,8.06,4.27,4.61,3.93,5.05,3.35
74,6.89,-9.66,0.15,-0.1,3.4,5.44,-8.16,-1.02,-1.94,-1.75,3.4,6.21,-9.13,5.29,-4.51,-9.47,-5.92,-4.51,-1.31,-4.47,-1.5,1.21,-8.98,3.16,4.08,4.9,2.67,1.17,3.45,-1.12,3.2,5.15,-9.08,3.2,0.05,1.5,-9.42,2.14,1.36,-1.41,4.17,1.17,0.97,-9.51,3.2,3.93,5.24,1.99,5.73,2.23,0.73,6.55,3.5,2.14,4.66,3.5,-8.3,-9.71,-4.27,-9.32,1.36,4.32,-1.12,-9.27,6.02,2.62,0.1,3.2,4.42,2.52,99,99,99,-1.07,99,99,99,99,99,99,99,99,99,99,99,99,0.15,99,99,-8.93,99,99,3.54,99,99,99,99,99,99,99
72,-6.07,-5.58,-6.17,-5.63,3.11,2.96,-4.17,8.5,-8.01,2.43,2.52,0.34,2.96,-5.44,-7.33,-4.03,3.98,-3.35,3.79,-5.78,-2.23,5.34,-7.72,3.79,-3.88,-6.46,-7.67,-7.57,-5.1,-6.7,-4.76,-6.6,-7.09,-5.15,-0.39,1.99,-5.53,4.08,-5,-3.93,-7.33,0.05,-0.05,1.94,2.18,7.77,-0.34,-5.1,-1.6,-0.39,-6.84,-6.5,2.67,2.04,-3.59,1.7,-6.5,-6.75,-1.31,-8.01,9.22,0.97,-8.5,4.51,-5.78,7.82,-4.66,2.33,-3.54,-6.41,99,99,99,99,99,-5.78,99,99,99,99,99,99,99,99,99,99,1.41,99,99,99,99,99,99,99,99,99,99,99,99,99
100,-0.92,1.65,1.02,-2.38,-6.41,1.5,-4.27,4.08,-8.06,9.32,-2.43,7.77,6.99,4.61,2.62,-6.41,2.14,-2.23,-5.19,8.25,2.09,5.78,-0.73,0.1,5.53,5.68,2.77,5.15,8.79,2.48,-0.1,-2.62,4.71,1.17,5.24,4.22,0.97,0.44,1.8,4.17,9.22,9.13,3.2,1.07,0.39,3.59,8.06,6.84,7.28,8.74,9.27,3.5,7.38,0.78,7.67,-7.28,4.27,4.42,-9.27,7.96,4.81,1.12,7.28,1.6,6.75,1.17,-1.17,1.84,-5.05,1.84,8.98,9.17,-5.39,1.07,-6.7,0.24,-5,9.17,3.01,2.82,4.37,8.16,0.92,0.83,4.17,5.73,-4.32,7.38,8.2,8.93,3.16,1.89,8.74,1.12,-5.73,2.57,8.54,8.11,7.28,5.39
68,-3.16,-1.12,1.31,99,-2.04,6.5,2.23,-1.6,-0.19,-7.48,-7.43,-7.48,-9.61,1.7,-9.51,-2.67,-2.57,0.1,0.58,0.05,-0.39,1.65,-0.58,-3.64,2.62,-0.53,1.6,5.87,2.14,-0.34,-3.98,4.56,-2.33,-4.81,1.5,2.82,-0.87,-3.79,4.76,-1.31,1.31,7.67,-6.36,99,-4.71,0.49,5.39,-2.43,2.72,3.3,0,-0.87,4.81,0.24,1.94,-6.17,99,99,3.25,5.39,3.69,4.71,6.46,-6.6,-0.83,2.09,4.27,7.77,-0.1,2.18,99,99,99,99,99,99,99,99,99,99,99,99,99,99,99,99,99,99,99,2.62,99,99,99,99,99,3.59,99,99,99,99
72,99,-5.83,-5.83,-5.83,8.74,5.29,-3.25,3.3,-3.4,-6.17,-8.4,-5.87,-9.22,5.24,-4.51,-9.85,-0.49,-2.23,1.7,5.15,5.1,-4.27,-4.32,-7.52,-7.67,3.5,6.46,4.03,-5.19,3.35,8.06,8.69,5.44,2.62,5.87,7.62,-5.87,-0.63,5.15,-9.32,-8.74,6.36,6.31,-9.51,-6.07,-1.07,-2.77,5.49,5.49,0.87,1.7,-9.47,7.09,6.55,3.4,0.19,0.53,-8.74,7.72,-8.54,9.08,-6.7,1.99,-7.77,5.24,1.55,-6.41,3.79,4.76,-7.48,99,99,99,99,99,99,99,99,99,6.12,99,99,99,99,99,99,99,99,99,99,99,99,99,6.5,99,99,8.64,99,99,99
48,99,99,99,99,-8.16,99,-0.68,1.5,99,99,99,99,-9.42,-4.76,2.09,3.98,-8.79,-8.93,-8.98,-9.08,-8.79,-1.21,-5.68,99,99,-5.15,2.43,0.97,7.43,99,3.35,4.13,99,-3.3,4.9,2.96,6.6,7.77,-5.24,3.59,99,-6.36,99,-4.66,-5.49,-7.43,-8.93,-8.01,-3.79,2.09,99,99,-7.18,-4.9,99,3.64,99,99,99,99,0.73,4.22,-1.21,99,6.8,4.27,99,-3.01,3.69,-0.49,99,99,99,99,99,99,99,5.78,99,99,-8.35,99,99,99,99,99,99,99,99,99,99,99,99,99,99,99,99,99,99,99
69,-1.26,6.02,2.33,4.76,0.34,5.87,-3.88,-1.26,6.5,2.82,3.98,3.88,-4.17,3.5,-7.62,1.21,-2.04,-4.76,-2.52,-3.2,4.66,3.88,8.79,-3.3,4.71,7.48,2.82,1.75,-0.68,5.92,5.15,6.02,3.98,7.77,3.5,5,-0.29,3.79,6.89,0.49,-0.87,1.55,-1.55,4.76,6.75,6.5,6.89,2.91,0.39,1.65,3.2,8.4,2.14,7.77,5.73,-1.17,6.6,99,5.53,-1.17,6.75,7.77,0.19,1.94,7.28,3.11,5.92,7.67,3.79,6.89,99,99,99,99,99,99,99,99,99,99,99,99,99,99,99,99,99,99,99,99,99,99,99,99,99,99,99,99,99,99
100,8.16,2.28,4.37,7.91,1.12,9.03,2.23,5.24,7.28,9.13,3.4,2.04,5.44,0.15,-2.33,1.17,5.24,4.08,1.31,1.46,9.13,7.52,1.94,9.13,8.98,9.03,1.6,7.52,8.5,6.31,8.98,8.59,2.09,3.25,8.25,8.3,6.99,8.79,5.83,8.64,8.93,3.35,2.96,2.82,2.23,-1.75,5.92,3.64,9.13,6.17,3.25,8.54,9.13,8.98,6.36,6.94,4.71,6.36,3.3,9.08,8.59,5.53,1.6,6.21,7.09,4.61,3.45,1.07,8.16,0.58,4.03,2.67,1.17,-2.33,0.73,5.34,-1.6,2.96,-1.07,2.52,7.86,9.13,8.79,8.25,8.25,5.15,8.69,7.33,-4.81,3.06,3.3,8.93,8.88,3.4,9.13,7.77,3.69,-2.62,1.75,1.8
73,0.44,-8.45,-0.53,-3.88,-8.06,-5.1,-8.35,3.06,3.79,-9.13,-1.12,-7.57,-8.74,-7.57,-4.47,0.29,-3.79,-8.11,-0.15,-3.93,-2.52,-3.06,4.71,-9.27,-0.39,-5.53,4.08,7.04,3.01,3.5,2.91,-7.09,0.78,-6.94,-1.75,5.92,-9.95,2.09,-8.2,3.93,-6.31,-9.51,4.9,-7.86,2.43,-9.17,3.74,-1.5,-5,2.28,-7.33,-6.94,0.68,0.63,5.78,0.34,-4.9,-9.37,2.52,1.21,1.02,4.08,8.83,2.33,-9.37,3.54,0.78,8.54,0.49,5.1,99,99,99,99,99,99,99,99,99,99,99,99,-8.06,99,99,99,-2.62,99,99,99,99,99,6.7,99,99,99,99,99,99,99
100,3.54,-5,1.6,-3.25,-4.56,-2.23,-4.56,2.91,5.58,6.84,8.16,-0.92,-3.59,-4.13,1.8,-0.49,3.35,5.05,7.14,-1.12,4.61,-5.78,-1.41,3.4,-3.35,-5.73,-0.87,-1.17,8.5,-1.12,-0.53,0.34,6.55,-5.78,6.94,6.99,-5,-5.58,-4.42,4.32,5.05,3.4,2.38,-2.43,7.04,-7.14,5.53,1.84,7.09,5.44,-6.89,2.23,5.05,6.41,7.04,5.49,-4.22,-1.94,-5.58,1.6,7.33,7.23,-2.62,6.02,-6.75,3.69,6.02,-6.7,4.22,-4.71,-7.72,7.82,-0.44,-5.87,-4.27,8.79,-5.15,-4.47,7.52,-5.78,7.18,3.3,-5.53,-0.49,7.57,0.34,-5.1,7.91,8.69,-6.07,8.54,-6.02,7.62,3.93,-5.87,7.52,-4.08,8.25,-4.95,7.04
37,99,99,99,99,8.45,99,6.6,-1.12,99,99,99,99,-8.35,-4.61,2.96,4.03,-1.02,8.01,1.6,-7.23,3.4,99,99,99,99,-9.13,5.15,-6.21,-6.55,99,8.64,5.58,99,99,-7.43,7.23,99,99,1.94,99,99,-5.83,99,99,99,99,99,1.75,-4.17,4.56,99,8.88,8.64,0,99,6.26,99,99,99,99,8.93,-3.11,99,99,-4.66,-7.67,99,-6.36,-4.32,99,99,99,99,99,99,99,99,99,99,99,99,99,-1.5,99,99,99,8.01,99,99,99,99,99,99,99,99,99,99,99,99,99
100,3.3,1.31,4.37,-1.5,7.57,0.92,2.18,-3.2,3.98,2.57,0.34,0.34,-4.32,1.21,-4.17,-2.67,-0.49,-2.52,-8.25,3.25,5.39,0.39,3.3,-8.35,-0.24,0.34,2.33,6.8,0.34,-0.19,2.38,5.78,-2.82,-5.1,4.85,6.36,4.47,1.5,0.24,0.92,-1.75,3.2,-6.6,0.05,1.5,1.26,0.83,4.81,0.29,3.16,1.07,-2.33,-1.89,-0.44,0.05,2.86,0.58,-0.29,-4.42,1.12,5.73,1.84,2.14,-2.72,5.24,-2.14,0.53,2.72,4.71,1.17,0.97,-2.28,-0.34,-0.49,1.6,-0.34,-5.44,-0.24,-1.8,0.05,1.41,6.26,1.12,5.29,2.96,1.17,1.07,4.08,4.85,0.83,-1.89,-2.28,0.34,5.58,3.69,0.34,4.13,-0.44,1.17,6.5
37,99,99,99,99,1.6,99,-2.86,-4.27,99,99,99,99,-4.9,99,-3.88,-4.61,-5,-4.56,-4.56,-5.1,-0.39,99,99,99,99,-2.18,-1.21,-5.49,-2.57,99,-2.91,-5.49,99,-3.88,-4.13,-4.03,99,99,-4.85,99,99,-0.05,99,99,99,-1.99,-0.92,99,-4.17,0.58,99,99,0.49,-4.61,99,99,99,99,99,-2.91,99,-4.03,99,99,-2.82,-5.05,-0.24,-0.1,-4.17,99,99,99,99,99,99,99,99,99,99,99,99,99,99,99,99,99,99,99,0.44,99,99,99,99,-2.38,99,99,99,99,99,99
